add_id,delivery_address1,delivery_address2,delivery_city,delivery_zipcode
1,81/98,"926, Kala Marg",Navi Mumbai,332259
2,H.No. 03,"H.No. 12
Malhotra Zila",Andheri,350011
3,68,"57, Deshpande Nagar",Mumbai,597310
4,00/81,"384
Kanda Path",Andheri,194231
5,H.No. 180,"495
Karpe Street",Mumbai,789602
6,77/651,"76
Raman Nagar",Bandra,930978
7,58/91,"67/69
Krishnamurthy Chowk",Navi Mumbai,790805
8,099,"52/37
Kakar Marg",Thane,530911
9,H.No. 33,"005
Biswas Nagar",Navi Mumbai,520363
10,H.No. 42,"46/091, Mammen Nagar",Thane,656633
11,265,"H.No. 42, Nagarajan Circle",Mumbai,604530
12,29/317,"07/86, Prabhakar Zila",Mumbai,130707
13,463,"25/21
Biswas Zila",Navi Mumbai,460288
14,210,"14/20, Kumar",Andheri,480274
15,96/56,"H.No. 56, Nath Street",Navi Mumbai,485309
16,H.No. 56,"44/002
Bail",Navi Mumbai,531936
17,83/76,"174, Modi Zila",Andheri,983066
18,01/94,"H.No. 109, Talwar Circle",Andheri,694573
19,831,"H.No. 048, Shukla",Thane,163990
20,539,"H.No. 869
Ray Road",Mumbai,436818
21,24/510,"04/75
Natarajan Marg",Mumbai,049127
22,51/784,"71/74, Rattan Marg",Thane,536250
23,353,"87
Kamdar Zila",Bandra,763622
24,10/913,"71
Gandhi Nagar",Mumbai,276276
25,21,"416
Raval Path",Mumbai,941255
26,14,"19/039, Chowdhury Marg",Navi Mumbai,416908
27,12/922,"H.No. 78, Dhar Zila",Navi Mumbai,195886
28,86,"89, Chana Chowk",Thane,345315
29,69/68,"46
Prasad Nagar",Thane,723479
30,55/62,"253, Deep Marg",Mumbai,445483
31,54/258,"43, Nayar Marg",Bandra,121899
32,H.No. 595,"237, Dixit Path",Andheri,925804
33,H.No. 890,"H.No. 809, Sule Circle",Mumbai,064790
34,823,"35/87, Tak Ganj",Mumbai,320524
35,H.No. 080,"63/38, Nadkarni Ganj",Navi Mumbai,708950
36,42/23,"H.No. 62
Chopra Circle",Navi Mumbai,813012
37,17/688,"H.No. 87, Rao Nagar",Thane,385693
38,94/91,"99/766
Deep Chowk",Navi Mumbai,668651
39,83/28,"10/547, Halder Street",Mumbai,641328
40,95,"39/62
Datta Zila",Navi Mumbai,039636
41,001,"H.No. 398
Setty Road",Mumbai,403046
42,08/908,"H.No. 277
Roy",Navi Mumbai,609474
43,H.No. 02,"19/30
Bhattacharyya Street",Navi Mumbai,828972
44,378,"583
Raval Path",Bandra,845873
45,42/079,"99/18
Dar",Andheri,577281
46,H.No. 945,"H.No. 662
Sankaran Road",Mumbai,393183
47,H.No. 80,"H.No. 83, Rau Chowk",Navi Mumbai,385672
48,820,"318, Bhakta Street",Andheri,569983
49,01,"70
Bhavsar",Mumbai,751191
50,77/29,"H.No. 74, Narayanan Street",Andheri,587284
51,H.No. 38,"71
D’Alia Zila",Bandra,660793
52,88/95,"H.No. 98
Gandhi Nagar",Thane,295857
53,592,"H.No. 029, Ganesan Nagar",Mumbai,545232
54,28/721,"351, Vala Circle",Thane,024264
55,18/87,"25
Sastry Road",Navi Mumbai,278254
56,81/84,"H.No. 52
Comar Marg",Mumbai,640396
57,70/90,"945
Jain Road",Thane,023245
58,06/318,"38/455
Bains",Navi Mumbai,944805
59,061,"986
Walla Zila",Thane,530333
60,H.No. 31,"00
Bala Marg",Thane,783548
61,H.No. 82,"H.No. 66
D’Alia Marg",Andheri,091828
62,H.No. 282,"980, Kakar",Bandra,504353
63,92,"04
Narang Nagar",Navi Mumbai,676689
64,H.No. 39,"08/165
Raju Nagar",Bandra,785123
65,H.No. 913,"13/925
Konda Nagar",Thane,503915
66,52/16,"H.No. 85, Om",Navi Mumbai,053226
67,H.No. 445,"62/52, Nazareth Zila",Thane,223513
68,H.No. 51,"H.No. 38
Sengupta Marg",Mumbai,958953
69,572,"H.No. 67, Sridhar Nagar",Thane,809543
70,07,"447
Vora Chowk",Andheri,595238
71,H.No. 592,"24
Pathak",Thane,200291
72,H.No. 93,"H.No. 30, Sharaf Zila",Navi Mumbai,698104
73,483,"H.No. 67
Loyal Circle",Mumbai,049524
74,H.No. 368,"52, Dasgupta Nagar",Andheri,407029
75,H.No. 744,"36
Dugar Street",Thane,275867
76,34/23,"336, Bhat",Thane,298261
77,48/454,"90/12
Varughese Chowk",Thane,263900
78,H.No. 90,"35/514
Dugar Ganj",Navi Mumbai,835412
79,77/44,"48/26, Pant Circle",Thane,283127
80,92/04,"39/349, Karpe Marg",Bandra,578380
81,72/23,"376
Swaminathan Marg",Thane,784145
82,31/05,"75/899, Mander Road",Bandra,220959
83,H.No. 090,"H.No. 53, Tata Path",Andheri,882361
84,13,"H.No. 453
Batra Circle",Thane,432492
85,16/75,"990
Iyengar Circle",Navi Mumbai,682512
86,H.No. 137,"75/54
Konda Ganj",Thane,686952
87,H.No. 18,"H.No. 471, Yadav Street",Mumbai,280300
88,151,"H.No. 43, Wagle Path",Navi Mumbai,854940
89,H.No. 193,"80/32, Mitra Chowk",Bandra,723191
90,80,"08/320, Cheema Zila",Andheri,877609
91,34/917,"H.No. 22
Sha Ganj",Thane,651314
92,57/529,"889, Padmanabhan Nagar",Navi Mumbai,747321
93,H.No. 917,"H.No. 113
Pant Circle",Thane,288663
94,43,"387, Yadav Path",Andheri,079905
95,913,"H.No. 749
Gupta Nagar",Navi Mumbai,439966
96,93,"237, Narang Circle",Mumbai,684703
97,H.No. 875,"28
Arya Zila",Mumbai,511862
98,H.No. 86,"H.No. 682
Sule Street",Thane,828766
99,H.No. 783,"72
D’Alia Ganj",Navi Mumbai,497841
100,807,"H.No. 652
Sundaram Street",Navi Mumbai,218450
101,00/70,"17/24
Sidhu Ganj",Andheri,863301
102,H.No. 976,"95/361
Pall Chowk",Thane,951310
103,H.No. 38,"55/58
Krishnamurthy Chowk",Mumbai,151175
104,61/06,"H.No. 332, Radhakrishnan Zila",Thane,357594
105,H.No. 920,"35, Dugar Ganj",Bandra,676746
106,64/751,"51/127
Ramachandran Circle",Bandra,486636
107,H.No. 96,"74, Dasgupta",Navi Mumbai,110553
108,H.No. 39,"50/749
Rattan Circle",Bandra,889427
109,06/59,"29
Sarna Marg",Navi Mumbai,165694
110,96/663,"H.No. 754
Rajagopal",Bandra,016310
111,90,"39/767, Dugar Chowk",Bandra,549964
112,386,"42/718
Reddy Path",Andheri,333542
113,H.No. 920,"02
Sarma Marg",Mumbai,108093
114,232,"218
Swamy Ganj",Mumbai,427613
115,06,"73/220, Banerjee Street",Navi Mumbai,131993
116,96,"056
Sekhon Zila",Thane,801194
117,H.No. 83,"42, Loke",Andheri,298902
118,104,"244
Patla Road",Thane,773459
119,42,"H.No. 44
Sankar",Thane,530480
120,08,"992
Kohli Chowk",Andheri,291888
121,86/351,"94
Ranganathan",Andheri,913704
122,60,"63
Chaudhry Zila",Thane,368063
123,H.No. 075,"18/19
Boase Street",Andheri,206961
124,H.No. 39,"35/53
Dalal",Bandra,942678
125,69/80,"280, Dasgupta Ganj",Thane,057071
126,46/702,"71/86
Choudhury Marg",Andheri,130594
127,H.No. 349,"38, Randhawa Marg",Navi Mumbai,050968
128,01/396,"30/38, Dhillon Path",Mumbai,053522
129,H.No. 528,"56/083, Khanna Path",Navi Mumbai,879174
130,706,"96, Sarraf Nagar",Bandra,799081
131,H.No. 41,"H.No. 935
Lal Chowk",Thane,115215
132,H.No. 645,"983
Nath Chowk",Bandra,407511
133,41/206,"83/635, Sama Circle",Mumbai,653053
134,392,"99, Rattan",Andheri,976572
135,46/98,"99/725, Sandhu Ganj",Thane,055027
136,61/119,"H.No. 790
Ratti Road",Mumbai,256489
137,45/93,"812
Suri Circle",Mumbai,208571
138,H.No. 448,"57/65
Tripathi Circle",Andheri,440497
139,17,"50, Doshi Zila",Bandra,189568
140,00,"H.No. 37, Chaudhary Ganj",Andheri,963103
141,32/300,"538
Wagle Ganj",Andheri,745320
142,H.No. 97,"41/95, Kumar Circle",Navi Mumbai,064167
143,854,"784
Tata Road",Mumbai,097990
144,H.No. 146,"H.No. 516
Deshmukh Nagar",Mumbai,194224
145,41/009,"75/264
Sama Marg",Andheri,175166
146,H.No. 924,"566
Butala Circle",Mumbai,185379
147,65,"064
Guha Road",Thane,081901
148,36,"H.No. 17, Shan Chowk",Navi Mumbai,620627
149,05/122,"H.No. 71
Sood Circle",Navi Mumbai,326597
150,38/667,"99/87
Sura Marg",Bandra,278497
151,H.No. 06,"19/96
Dhillon Circle",Navi Mumbai,450896
152,01/100,"85/501, Bhardwaj Zila",Thane,523638
153,20/08,"482
Krishnamurthy Zila",Bandra,859342
154,203,"38/312
Chahal Road",Bandra,335975
155,H.No. 097,"92/790, Bains Road",Thane,428429
156,55/40,"H.No. 14, Khurana Circle",Thane,540879
157,388,"H.No. 024
Ganesan Path",Thane,251527
158,975,"H.No. 26, Tata Circle",Thane,208156
159,H.No. 64,"64/39, Chandra Zila",Andheri,748004
160,568,"17/837, Dhillon Road",Mumbai,369462
161,33,"67/13, Pingle Marg",Andheri,405044
162,489,"54/464
Sankaran Road",Andheri,031381
163,H.No. 704,"25/526
Savant Road",Andheri,540700
164,H.No. 95,"14/83, Varty Zila",Andheri,085353
165,862,"300
Narain Circle",Thane,859352
166,32/461,"84, Krish Marg",Andheri,224574
167,H.No. 10,"H.No. 011, Som Circle",Mumbai,776890
168,22,"42
Krishnan Nagar",Andheri,861531
169,H.No. 15,"437, Jaggi Ganj",Andheri,959675
170,58/484,"85/127, Bhatt Path",Bandra,394106
171,20,"63
D’Alia Marg",Navi Mumbai,962685
172,H.No. 00,"02/13
Sandhu Road",Thane,028996
173,44/369,"H.No. 844
Luthra Ganj",Mumbai,000976
174,91,"236
Kanda Ganj",Bandra,749127
175,980,"83/779, Manda Ganj",Navi Mumbai,578468
176,50/02,"41
Nagar",Thane,391892
177,96/06,"62/58
Swaminathan Street",Bandra,491254
178,H.No. 742,"93/158
Chacko Road",Mumbai,595931
179,05/67,"778, Anand Path",Thane,687279
180,08/41,"64
Saini Circle",Bandra,475304
181,H.No. 10,"65/85
Khanna Nagar",Andheri,778923
182,H.No. 129,"18/113
Char Ganj",Navi Mumbai,872369
183,00/781,"678, Vig Marg",Andheri,493893
184,94/849,"56, Rao",Andheri,649951
185,70,"33, Seth Road",Navi Mumbai,299577
186,H.No. 729,"H.No. 35, Khosla Street",Andheri,245964
187,762,"36/581
Bhatnagar Street",Thane,133282
188,76/238,"92/594
Sant Ganj",Mumbai,750031
189,H.No. 37,"H.No. 01, Goda Road",Navi Mumbai,372403
190,36/902,"H.No. 95
Dhar Zila",Thane,832064
191,547,"H.No. 63, Prakash",Bandra,350281
192,21/33,"H.No. 46
Konda Street",Andheri,494703
193,H.No. 62,"H.No. 84, Kade Road",Thane,998112
194,H.No. 946,"001, Magar Chowk",Andheri,020037
195,H.No. 26,"H.No. 364
Nigam Zila",Thane,364467
196,03/80,"95
Pradhan Marg",Andheri,402284
197,37/60,"H.No. 437
Bath Road",Andheri,720291
198,46/391,"H.No. 96, Bal Street",Thane,167455
199,91,"83/426, Devan Road",Navi Mumbai,086431
200,74/705,"H.No. 715
Kamdar Chowk",Thane,616025
201,H.No. 838,"788
Chakraborty Zila",Bandra,463121
202,45/191,"71, Loke Street",Bandra,346004
203,69/32,"940
Nori Circle",Bandra,249406
204,H.No. 58,"76/91, Subramaniam Marg",Navi Mumbai,122294
205,H.No. 883,"61
Guha Nagar",Thane,673705
206,H.No. 51,"60
Hans Zila",Mumbai,926014
207,69,"H.No. 314
Manda Marg",Thane,729687
208,H.No. 567,"H.No. 698, Agate Road",Thane,670980
209,67/908,"38/448, Barad Chowk",Andheri,670228
210,60/19,"015
Tara Chowk",Navi Mumbai,667372
211,203,"941, Keer Zila",Andheri,908159
212,34,"56/640, Dubey Path",Andheri,651723
213,34/197,"344, Bora Nagar",Navi Mumbai,321217
214,H.No. 437,"H.No. 59
Ram Street",Mumbai,932474
215,75,"H.No. 325, Prashad Ganj",Andheri,923230
216,951,"20/63
Lanka Nagar",Navi Mumbai,949690
217,28/28,"444
Dayal Ganj",Bandra,645558
218,H.No. 748,"88/48
Nagarajan Chowk",Thane,582608
219,98/67,"52, Dixit Road",Navi Mumbai,107603
220,54/554,"32, Prabhu Zila",Navi Mumbai,429322
221,H.No. 047,"H.No. 98, Sibal",Andheri,312956
222,H.No. 250,"42/16
Sachar",Bandra,893852
223,89/12,"H.No. 721, Narayan Ganj",Mumbai,125396
224,69/66,"42
Acharya Road",Bandra,460507
225,H.No. 138,"50
Balakrishnan",Mumbai,597828
226,51/97,"H.No. 79
Master Ganj",Andheri,050665
227,71/03,"052, Sule Nagar",Mumbai,465940
228,H.No. 064,"31, Varkey",Navi Mumbai,185205
229,769,"H.No. 57, Ganguly Zila",Mumbai,460563
230,25,"45/33
Kara Marg",Mumbai,581621
231,99,"H.No. 168, Chhabra Street",Mumbai,226237
232,38,"38/001, Mann Ganj",Mumbai,953759
233,H.No. 05,"89/74, Badal Marg",Bandra,705295
234,89,"81
Batra Chowk",Mumbai,418026
235,H.No. 33,"H.No. 56
Kannan Street",Andheri,658707
236,97/53,"762
Mangal Zila",Navi Mumbai,407777
237,99/321,"85
Borah Street",Navi Mumbai,650686
238,H.No. 313,"H.No. 090
Kumar Zila",Bandra,357743
239,53,"H.No. 16, Kamdar Street",Bandra,136459
240,H.No. 18,"932, Deol Nagar",Navi Mumbai,591739
241,81,"H.No. 580, Iyer Road",Bandra,649590
242,H.No. 07,"H.No. 485, Butala Ganj",Navi Mumbai,559733
243,22/918,"37
Misra Chowk",Thane,120248
244,81,"05/695
Saxena Zila",Mumbai,276046
245,95/98,"654
Jha Road",Mumbai,926364
246,47/79,"95, Bajaj",Mumbai,590477
247,H.No. 161,"114, Kalita Circle",Navi Mumbai,956754
248,98/32,"H.No. 65
Jayaraman Marg",Mumbai,002498
249,47/10,"800
Dani Street",Mumbai,394102
250,H.No. 208,"H.No. 54, Walla Road",Thane,167093
251,H.No. 75,"302
Goel Marg",Thane,100396
252,80,"882, Sur Zila",Bandra,573980
253,932,"880, Kibe Chowk",Navi Mumbai,477638
254,H.No. 16,"H.No. 80, Manda Path",Navi Mumbai,075612
255,96/58,"25, Sahota Zila",Mumbai,904097
256,H.No. 93,"35
Dutt Ganj",Navi Mumbai,591377
257,H.No. 88,"H.No. 799, Sarkar Circle",Bandra,973146
258,H.No. 28,"83/608, Tella Circle",Andheri,221914
259,44/644,"864, Chaudhuri Chowk",Mumbai,007015
260,027,"28/401, Deo",Andheri,805302
261,65/42,"15/98, Seth Path",Thane,453975
262,566,"98/88, Atwal",Mumbai,677106
263,47/707,"H.No. 431, Kala",Navi Mumbai,097187
264,H.No. 521,"27/18
Shere Road",Thane,904311
265,97/871,"H.No. 48, Chauhan Chowk",Andheri,646484
266,49/909,"276, Pant Nagar",Mumbai,530499
267,17/20,"37/850
Ram Path",Thane,138315
268,H.No. 28,"22/329, Saran Nagar",Andheri,436482
269,75/59,"85/35, Goda Ganj",Bandra,566988
270,H.No. 89,"55, Rajagopal Marg",Thane,309981
271,554,"238, Mukhopadhyay Street",Bandra,122959
272,56,"69
Mangat Path",Thane,162070
273,69,"03, Kant Zila",Bandra,789708
274,01/126,"H.No. 17, Gour Road",Andheri,798212
275,H.No. 22,"81/34, Dube Zila",Bandra,304965
276,82/63,"128, Patla Chowk",Navi Mumbai,352571
277,76/44,"120
Baral Chowk",Mumbai,775553
278,26,"75/36, Goel Marg",Thane,033193
279,49,"00
Doshi Circle",Bandra,248250
280,50,"637
Bhasin Street",Bandra,105183
281,H.No. 425,"H.No. 94
Acharya Nagar",Navi Mumbai,807725
282,H.No. 65,"094, Raghavan Nagar",Mumbai,977531
283,H.No. 70,"29, Bera",Navi Mumbai,075364
284,H.No. 008,"82
Choudhary Chowk",Navi Mumbai,258559
285,02/598,"242
Gokhale Street",Thane,224838
286,18/78,"H.No. 818
Mangal Path",Mumbai,913455
287,78/848,"H.No. 15
Gandhi Street",Bandra,625038
288,H.No. 459,"236
Gaba Chowk",Bandra,578376
289,H.No. 59,"69, Lad Chowk",Andheri,373560
290,H.No. 998,"H.No. 985, Dhillon Ganj",Andheri,600925
291,039,"H.No. 810, Sibal Chowk",Bandra,565956
292,939,"83/790, Maharaj Road",Andheri,010562
293,H.No. 607,"H.No. 90, Chawla Ganj",Thane,543164
294,H.No. 160,"646, Sharma Circle",Andheri,170201
295,43,"H.No. 18, Karan Path",Thane,960993
296,646,"053
Datta Zila",Bandra,683470
297,90/90,"H.No. 88
Thaman Road",Andheri,569731
298,H.No. 241,"30/61
Tiwari Street",Bandra,577135
299,46,"93, Madan Ganj",Bandra,569810
300,H.No. 97,"04/934, Sathe Marg",Thane,182326
301,H.No. 875,"72/48, Toor Zila",Andheri,880886
302,634,"60, Kohli Chowk",Andheri,126331
303,49,"55/168, Parekh Zila",Thane,217711
304,H.No. 08,"64, Pingle Marg",Bandra,052033
305,236,"H.No. 772
Jha Chowk",Andheri,752378
306,H.No. 164,"35
Goda Path",Navi Mumbai,497977
307,H.No. 627,"H.No. 014, Sami Road",Andheri,069485
308,H.No. 43,"90
Bala Circle",Andheri,473074
309,H.No. 424,"57/54, Deshpande Nagar",Mumbai,560859
310,01/52,"H.No. 51
Sheth Nagar",Andheri,272799
311,H.No. 30,"37/137, Ahuja Ganj",Andheri,533807
312,20/468,"H.No. 30
Khanna Road",Bandra,765541
313,448,"802, Mallick Marg",Navi Mumbai,696600
314,86,"H.No. 04, Kala",Bandra,424001
315,288,"H.No. 78, Nagar Street",Thane,017657
316,60/585,"83/79
Chacko Chowk",Bandra,205314
317,H.No. 399,"H.No. 53
Nadkarni",Thane,464628
318,H.No. 482,"47/38
Aurora Zila",Navi Mumbai,715985
319,H.No. 31,"H.No. 92
Gole Path",Andheri,157970
320,43,"H.No. 068
Gopal Chowk",Bandra,917522
321,58,"75, Sekhon Circle",Navi Mumbai,266275
322,647,"H.No. 60, Bhavsar Zila",Mumbai,603380
323,006,"H.No. 32, Mukherjee Circle",Navi Mumbai,665083
324,H.No. 227,"45/995
Mannan Road",Mumbai,556529
325,41/44,"H.No. 75
Golla Chowk",Thane,308856
326,06/688,"27/93, Parsa Path",Bandra,296141
327,569,"61, Behl Circle",Mumbai,317553
328,79/357,"H.No. 13, Sawhney Circle",Andheri,174710
329,H.No. 112,"H.No. 742
Shenoy Chowk",Thane,032183
330,04/012,"86, Modi Chowk",Andheri,166116
331,52/09,"H.No. 313
Misra Ganj",Andheri,329143
332,57/560,"42/111
Saxena Zila",Navi Mumbai,487471
333,35/92,"87/88, Tandon Ganj",Andheri,289089
334,31/652,"16, Shah Nagar",Andheri,561252
335,681,"55/157, Patel Marg",Andheri,492758
336,39/812,"H.No. 006, Naidu Path",Thane,266903
337,09,"62/985
Palla Path",Thane,489005
338,H.No. 435,"H.No. 17, Nagar Road",Thane,449353
339,98/98,"H.No. 596, Deep Street",Andheri,129839
340,H.No. 594,"86/95
Dyal Street",Navi Mumbai,403282
341,H.No. 014,"13/21
Lal Circle",Mumbai,176593
342,H.No. 65,"H.No. 22
Pathak",Andheri,653358
343,H.No. 536,"H.No. 29, Oza Circle",Navi Mumbai,905580
344,41/547,"15/47
D’Alia Path",Bandra,969091
345,H.No. 40,"H.No. 749
Ahuja Street",Bandra,760368
346,38/130,"H.No. 98
Kale",Thane,345079
347,67/098,"H.No. 41, Rastogi Zila",Navi Mumbai,089202
348,H.No. 439,"50/17
Ganesh Marg",Bandra,358470
349,06/86,"H.No. 410
Kamdar Marg",Thane,860037
350,62/39,"H.No. 13, Lata Circle",Thane,376882
351,H.No. 39,"H.No. 948
Sem Ganj",Bandra,110492
352,H.No. 791,"71/17
Pant Marg",Thane,747313
353,08/711,"53/869
Raju Street",Thane,200943
354,05/477,"73/36, Bahl Nagar",Thane,156482
355,52,"05, Iyengar",Mumbai,288635
356,296,"46/40, Vala Nagar",Thane,974003
357,258,"22/211
Aurora Circle",Mumbai,465612
358,63/94,"69/92, Pradhan Street",Thane,055769
359,H.No. 88,"34, Parekh Path",Navi Mumbai,891457
360,94,"60
Aurora Nagar",Mumbai,296544
361,95,"40/853
Sarma Circle",Thane,700269
362,H.No. 13,"609
Kunda Street",Navi Mumbai,715299
363,06/30,"H.No. 23
Dutta Marg",Bandra,804434
364,43/91,"254, Gopal Circle",Andheri,590893
365,H.No. 62,"H.No. 688
Toor Nagar",Thane,930187
366,01,"62, Sathe Chowk",Mumbai,271186
367,69,"H.No. 21, Kamdar Circle",Bandra,336722
368,22/95,"35
Sawhney Ganj",Navi Mumbai,684476
369,86,"07/38
Srinivasan Ganj",Andheri,620283
370,28,"01/71
Batra Path",Bandra,120623
371,H.No. 74,"82
Dani Marg",Mumbai,397751
372,54,"88, Dhar Road",Bandra,930250
373,H.No. 617,"402
Choudhary Marg",Bandra,389689
374,H.No. 18,"61/55, Kale Marg",Thane,475377
375,127,"95, Sarin Marg",Navi Mumbai,024558
376,45/68,"H.No. 905, Pandit Path",Navi Mumbai,629304
377,72/82,"28/084, Karpe Circle",Thane,278749
378,32/285,"H.No. 968, Chawla Marg",Andheri,449099
379,H.No. 85,"473, Butala Path",Mumbai,269847
380,29/18,"91/66, Madan Path",Thane,580824
381,H.No. 62,"482, Mannan Nagar",Thane,209278
382,34/472,"124, Warrior Chowk",Bandra,439673
383,95/76,"H.No. 48
Chanda Nagar",Navi Mumbai,458503
384,75/73,"H.No. 224, Ratti",Mumbai,104218
385,H.No. 30,"H.No. 73, Grewal Street",Mumbai,397355
386,H.No. 594,"49, Bhalla Circle",Mumbai,663428
387,097,"06/350, Om Zila",Mumbai,494861
388,H.No. 39,"H.No. 61, Raman Zila",Andheri,706310
389,H.No. 80,"H.No. 368, Hegde Ganj",Navi Mumbai,172702
390,H.No. 25,"93/71, Sharaf Chowk",Bandra,864709
391,19/72,"997, Sibal Street",Andheri,810347
392,18/77,"050, Kaur Path",Mumbai,658218
393,132,"H.No. 14
Mody Ganj",Andheri,280180
394,567,"333, Mahajan Marg",Bandra,293574
395,77/10,"67/61
Chhabra Circle",Bandra,861302
396,H.No. 00,"67/36
Sidhu Chowk",Andheri,223025
397,879,"H.No. 58
Jha",Andheri,894113
398,052,"H.No. 98, Som Ganj",Thane,730824
399,79,"H.No. 03
Magar Nagar",Thane,915203
400,47/251,"00/35, Patla Nagar",Andheri,871654
401,85,"96
Ravel Street",Mumbai,677479
402,62/89,"H.No. 007
Pradhan Zila",Andheri,672842
403,125,"H.No. 581, Shere Nagar",Mumbai,638492
404,25/490,"13
Kanda Chowk",Bandra,540457
405,35/125,"29
Reddy Road",Andheri,266302
406,28/573,"H.No. 38
Chandra Zila",Bandra,110801
407,977,"H.No. 776, Nagi Marg",Thane,725864
408,H.No. 436,"37/781
Karpe Path",Andheri,066072
409,790,"36/25, Chatterjee Path",Thane,148638
410,279,"24/47, Memon Ganj",Bandra,856964
411,H.No. 06,"65
Sandal Marg",Andheri,600141
412,46/12,"H.No. 86
Din Nagar",Bandra,174229
413,12/56,"62/98, Sachdev Circle",Navi Mumbai,812048
414,34/15,"H.No. 012
Bakshi",Mumbai,409698
415,H.No. 73,"28/947, Kalla Ganj",Thane,779652
416,80,"82, Sengupta Circle",Mumbai,502091
417,592,"06/290
Pai Street",Thane,178489
418,59/304,"04/839
Nagi",Navi Mumbai,967551
419,45,"722, Nayar Nagar",Andheri,811657
420,78/327,"04
Gandhi Nagar",Mumbai,886536
421,39/905,"H.No. 522, Gera Marg",Navi Mumbai,641192
422,H.No. 478,"405
Bhargava Street",Mumbai,251329
423,H.No. 393,"H.No. 534
Rajagopal Path",Mumbai,997015
424,57/943,"484, Garde Zila",Bandra,780913
425,15/544,"H.No. 935
Dua Nagar",Mumbai,432360
426,69,"62/42, Andra Circle",Andheri,547427
427,H.No. 076,"H.No. 20, Sridhar Zila",Thane,170411
428,03/373,"285
Khurana",Mumbai,163298
429,21/062,"92/043
Raj Circle",Bandra,259728
430,H.No. 49,"84/689
Gaba Marg",Bandra,795855
431,H.No. 069,"H.No. 71
Dhingra Zila",Andheri,667491
432,64/983,"02/13
Bhatti Circle",Andheri,032379
433,40/34,"22/793, Devan Marg",Thane,636166
434,H.No. 46,"H.No. 07
Bahri Chowk",Andheri,939638
435,65/97,"H.No. 28
Rana",Thane,882245
436,H.No. 44,"10/77
Agrawal Path",Navi Mumbai,194769
437,161,"723, Brahmbhatt Marg",Bandra,639893
438,H.No. 84,"42/421
Kala Ganj",Andheri,563525
439,H.No. 535,"87/42
Kanda Chowk",Andheri,658627
440,H.No. 96,"336, Patla Street",Bandra,540596
441,022,"973, Ratta Marg",Navi Mumbai,849970
442,H.No. 93,"H.No. 03, Sharaf Street",Thane,397840
443,H.No. 467,"305
Sachdev Street",Andheri,814073
444,896,"H.No. 433
Borde Circle",Bandra,028667
445,H.No. 12,"H.No. 751
Gara Street",Andheri,401581
446,32/305,"42/086
Contractor Marg",Navi Mumbai,926190
447,08/02,"49, Padmanabhan Nagar",Navi Mumbai,940694
448,98/32,"17/471, Chowdhury Road",Navi Mumbai,086960
449,00,"574, Oak Circle",Andheri,045070
450,53/99,"74/42, Karpe",Mumbai,519046
451,H.No. 245,"H.No. 371, Thaker Chowk",Andheri,609686
452,423,"02/68
Kata Circle",Andheri,991746
453,37/573,"40/414
Bahl Zila",Bandra,121643
454,50,"78/534
Rama Path",Andheri,191726
455,77,"48/849, Mandal Ganj",Navi Mumbai,403285
456,096,"H.No. 930
Venkataraman Road",Bandra,287281
457,46/017,"73/001
Chokshi Path",Mumbai,248896
458,99/537,"69, Wali Zila",Bandra,908051
459,H.No. 98,"55/651
Pandya",Mumbai,591196
460,93,"22/654
Sankar Circle",Bandra,236148
461,20,"H.No. 83
Johal Zila",Thane,532881
462,H.No. 16,"23/87, Baral",Andheri,741881
463,25/34,"91
Shroff Circle",Navi Mumbai,424182
464,34,"67/09, Aurora Nagar",Bandra,805545
465,H.No. 92,"85/723
Grewal Road",Mumbai,789484
466,H.No. 13,"04/04
Kaur",Mumbai,844319
467,113,"14/19, Basu Ganj",Thane,014177
468,17,"13/43
De Path",Thane,103693
469,94/71,"35
Nori Road",Bandra,826636
470,49/898,"659
Jani Road",Bandra,776788
471,H.No. 919,"H.No. 450, Varughese",Mumbai,634184
472,H.No. 767,"84/94
Khanna Chowk",Navi Mumbai,040737
473,H.No. 916,"H.No. 385, Kohli Ganj",Mumbai,238067
474,249,"H.No. 257, Deshpande Marg",Thane,120312
475,H.No. 64,"H.No. 893
Sachdeva Ganj",Mumbai,520504
476,10,"89
Badal Chowk",Navi Mumbai,654836
477,H.No. 538,"500
Soman Ganj",Bandra,692364
478,H.No. 85,"80/421
Kaul Street",Mumbai,640014
479,74,"742
Anand Nagar",Thane,095558
480,64/722,"476, Savant Chowk",Bandra,905131
481,754,"436, Khare Ganj",Thane,794448
482,25/46,"86/827
Dasgupta Path",Thane,179168
483,618,"65/930
Baral Street",Mumbai,942532
484,H.No. 44,"70/248
Babu Nagar",Andheri,679179
485,58,"60/25, Cheema Road",Thane,451917
486,H.No. 286,"H.No. 524, Sood Road",Andheri,087793
487,34,"55/31, Kanda Chowk",Bandra,291281
488,65,"695, Bumb Circle",Navi Mumbai,035245
489,36/543,"H.No. 825
Thakkar Chowk",Mumbai,722283
490,79,"92, Subramaniam Ganj",Bandra,501268
491,966,"369
Cheema Street",Bandra,438575
492,H.No. 38,"37
Subramanian Nagar",Andheri,320564
493,H.No. 608,"H.No. 930, Chaudhari Circle",Andheri,037324
494,04/23,"44/524
Das Road",Thane,809297
495,35/048,"393
Modi Marg",Mumbai,149928
496,30/246,"61
Vig Ganj",Andheri,150818
497,12/124,"27/294
Bora Path",Bandra,592999
498,H.No. 973,"414
Korpal Street",Andheri,008374
499,42,"80/73, Ram Path",Bandra,105327
500,H.No. 98,"20/116, Patla Marg",Thane,779557
501,66/85,"07/39, Dutt Nagar",Thane,945510
502,H.No. 21,"46/88
Barman Street",Thane,886517
503,69,"778
Choudhury Road",Mumbai,667045
504,H.No. 94,"H.No. 949
Chander Chowk",Thane,713334
505,87/228,"H.No. 142, Sawhney Chowk",Andheri,467803
506,H.No. 33,"61/06
Walia Nagar",Mumbai,661706
507,H.No. 777,"H.No. 38, Sem",Bandra,361749
508,244,"44
Natarajan Circle",Navi Mumbai,323622
509,82/19,"H.No. 489, Bhandari Road",Navi Mumbai,063431
510,83/745,"46, Dasgupta Ganj",Bandra,697900
511,48/423,"49
Puri Chowk",Mumbai,248456
512,H.No. 14,"73
Narang Zila",Thane,649695
513,H.No. 589,"48
Thakur Zila",Thane,212488
514,38,"06/70, Amble Ganj",Thane,697285
515,22/432,"98, Hari Street",Bandra,844370
516,H.No. 28,"03, Pal Nagar",Mumbai,007427
517,166,"23/382, Keer Marg",Bandra,180615
518,08,"H.No. 86, Mody Nagar",Mumbai,686719
519,H.No. 188,"H.No. 24, Basu Ganj",Mumbai,991933
520,57/48,"84/493
Garg",Bandra,361880
521,H.No. 175,"47/30
Pau",Andheri,518292
522,91,"H.No. 31
Bhandari Chowk",Bandra,610691
523,59/362,"21/34
Kota Ganj",Thane,029825
524,68/74,"52/371, Sampath Nagar",Navi Mumbai,838490
525,67,"H.No. 404
Zachariah Chowk",Andheri,611713
526,H.No. 659,"H.No. 590
Dash Circle",Thane,610441
527,98/027,"H.No. 81
Tara Ganj",Mumbai,075329
528,129,"48/68
Dhaliwal Street",Navi Mumbai,293812
529,32/198,"338
Ravi Zila",Navi Mumbai,873102
530,H.No. 02,"95/001
Kata Road",Thane,258712
531,H.No. 477,"H.No. 35, Chatterjee",Andheri,134792
532,H.No. 214,"57
Bajwa Path",Navi Mumbai,206533
533,18,"65/70, Munshi Path",Bandra,791124
534,H.No. 099,"H.No. 17
Prakash Street",Andheri,392786
535,84/841,"895
Sangha Nagar",Thane,801929
536,H.No. 20,"H.No. 50
Cheema Zila",Navi Mumbai,481811
537,03/704,"854, Seshadri Zila",Thane,526534
538,82/67,"447, Ganguly Street",Navi Mumbai,863405
539,98/08,"566, Lalla Path",Bandra,308633
540,899,"165
Kamdar Path",Thane,908065
541,47/46,"H.No. 17, Date",Navi Mumbai,464037
542,226,"99, Halder Street",Thane,529957
543,80/564,"984
Deo Ganj",Navi Mumbai,262946
544,622,"27/35, Kari Path",Thane,063334
545,28/336,"10
Gulati Street",Bandra,560893
546,H.No. 967,"52/43
Borra Zila",Andheri,294266
547,50,"H.No. 274, Batra Path",Mumbai,075826
548,91/46,"721
Loyal Road",Thane,994030
549,28,"598
Thaker Road",Thane,980630
550,H.No. 30,"27/35, Nagar Ganj",Thane,754132
551,060,"029
Muni Marg",Bandra,230002
552,H.No. 43,"784
Viswanathan Nagar",Navi Mumbai,462597
553,13/547,"04/684
Acharya Nagar",Thane,385148
554,H.No. 594,"02, Yogi Marg",Thane,937669
555,737,"H.No. 027
Kale Road",Bandra,445149
556,23/639,"90/43
Dube Ganj",Bandra,954168
557,52/75,"42/297
Tata Marg",Mumbai,170647
558,H.No. 729,"539
Rattan Zila",Bandra,123947
559,37/25,"30/437, Issac Nagar",Mumbai,483081
560,H.No. 57,"73/47, Mitter Nagar",Navi Mumbai,253709
561,H.No. 40,"90
Misra",Bandra,648052
562,12,"H.No. 74
Chaudhary",Thane,079313
563,39,"691, Mann Nagar",Andheri,217993
564,82/42,"015
Ram Marg",Mumbai,007859
565,847,"03/954
Savant",Thane,655363
566,722,"H.No. 766, Shukla Ganj",Bandra,570098
567,70/53,"47
Shanker Circle",Navi Mumbai,852596
568,H.No. 215,"50
Tripathi Circle",Mumbai,116179
569,775,"672
Sachdev Nagar",Andheri,621831
570,H.No. 033,"H.No. 25, Khosla Chowk",Mumbai,439126
571,563,"106
Sharma Street",Thane,698447
572,H.No. 254,"84/422
Ben Marg",Bandra,500847
573,35,"31, Wali Ganj",Thane,414524
574,07/16,"70
Kuruvilla Path",Mumbai,552229
575,H.No. 513,"26/369, Bal Zila",Bandra,331239
576,12/03,"81/12, Parmar Street",Andheri,803743
577,85,"52/302
Patla Marg",Mumbai,849166
578,H.No. 934,"52
Radhakrishnan Chowk",Bandra,297913
579,H.No. 241,"H.No. 06, Contractor Zila",Thane,053649
580,01/67,"H.No. 63, Jayaraman Ganj",Mumbai,310730
581,187,"H.No. 165, Dubey Circle",Andheri,312488
582,51,"H.No. 28, Raman Chowk",Thane,762988
583,H.No. 190,"91
Bhagat Road",Thane,720933
584,76/16,"39/50, Lall Street",Bandra,773474
585,93,"086
Sodhi Road",Bandra,806750
586,H.No. 418,"09/155
Tak Marg",Navi Mumbai,432521
587,779,"87/17
Suresh Marg",Mumbai,775841
588,55,"96, Parmar Street",Navi Mumbai,892574
589,06,"33
Rana Nagar",Bandra,490035
590,H.No. 546,"05/19
Dara Nagar",Mumbai,457652
591,26/13,"15/741, Bajaj",Thane,024070
592,38/184,"72
Banik Chowk",Thane,320877
593,H.No. 47,"25
Dubey Chowk",Mumbai,205103
594,02,"50
Lata Circle",Bandra,413199
595,H.No. 611,"57/171
Mittal Circle",Navi Mumbai,369998
596,78/663,"H.No. 544
Sinha Chowk",Thane,551029
597,94/825,"109
Karan Path",Thane,462642
598,21/446,"12
Bhagat Circle",Mumbai,045372
599,H.No. 021,"70/331
Yohannan",Thane,765791
600,36,"11, Bhattacharyya Road",Navi Mumbai,961445
601,75/863,"60/14
Pillai Path",Andheri,127401
602,55/797,"035
Purohit Marg",Bandra,887088
603,H.No. 78,"H.No. 841, Datta Marg",Navi Mumbai,181504
604,H.No. 18,"41/375, Jain",Bandra,384496
605,96/95,"50/399
Dasgupta Circle",Navi Mumbai,265543
606,35/268,"67
Chahal Chowk",Mumbai,897354
607,H.No. 51,"68/60
Kara",Thane,639704
608,42,"H.No. 56
Varkey Street",Mumbai,018491
609,52,"30/612
Ramanathan Marg",Thane,194106
610,H.No. 42,"H.No. 41, Gulati Ganj",Thane,163364
611,22/82,"H.No. 281, Kari Path",Thane,134440
612,H.No. 60,"48/051, Soni",Bandra,751617
613,49/747,"H.No. 73, Bahl Ganj",Mumbai,771457
614,H.No. 45,"94/207
Chad Path",Thane,408302
615,105,"H.No. 89
Zacharia Zila",Bandra,373924
616,07,"H.No. 559
Bhakta Marg",Navi Mumbai,249178
617,58,"33, Khatri Marg",Mumbai,938888
618,30/88,"08/852, Iyer Ganj",Mumbai,021252
619,50/32,"71/98
Taneja Path",Mumbai,619716
620,62,"H.No. 721
Bala Marg",Thane,586498
621,548,"818, Mukhopadhyay Road",Andheri,752804
622,H.No. 64,"96/002, Bali Marg",Navi Mumbai,410421
623,88/47,"H.No. 827
Naidu Chowk",Navi Mumbai,055443
624,H.No. 18,"14/100
Dora Chowk",Mumbai,906334
625,H.No. 14,"66/536
Sethi Circle",Bandra,103704
626,H.No. 434,"629, Badami Zila",Bandra,653491
627,09,"707, Hora Chowk",Thane,302170
628,88/273,"H.No. 639
Gade",Thane,060694
629,H.No. 38,"45/27, Chatterjee Chowk",Bandra,544445
630,63,"67, Butala Chowk",Bandra,230861
631,H.No. 032,"H.No. 780, Raghavan Street",Mumbai,412042
632,H.No. 49,"35/15, Pingle Ganj",Navi Mumbai,519804
633,772,"74/342
Chandra Ganj",Thane,716731
634,H.No. 51,"44/560, Tella Path",Navi Mumbai,963461
635,H.No. 16,"65, Chahal",Thane,840269
636,57,"H.No. 37
Ravi Path",Thane,517914
637,H.No. 41,"H.No. 942, Johal Street",Navi Mumbai,391336
638,63/92,"25/71, Pau Chowk",Andheri,502074
639,76/843,"99/24
More Street",Bandra,268870
640,H.No. 70,"532, Manne Street",Mumbai,305052
641,83/680,"H.No. 968
Hora Chowk",Andheri,026880
642,27,"87
Wable Marg",Bandra,580670
643,16/73,"85/529
Bains Ganj",Navi Mumbai,422001
644,88,"38/97, Vohra Zila",Bandra,368947
645,H.No. 13,"87/211, Gokhale Zila",Navi Mumbai,992368
646,49,"62/29, Nair",Thane,486180
647,18,"64/74, Wadhwa Path",Mumbai,114513
648,H.No. 612,"02
Bansal Ganj",Mumbai,450433
649,H.No. 62,"11/844
Lad Street",Bandra,442297
650,45/74,"435, Dua Marg",Bandra,273932
651,H.No. 23,"712, Varkey Zila",Mumbai,348280
652,H.No. 677,"61/14, Brahmbhatt Nagar",Thane,972721
653,H.No. 843,"25/76
Jha Street",Andheri,313399
654,64/821,"62, Banerjee Street",Andheri,295293
655,47,"27/48
Bail Ganj",Bandra,317594
656,H.No. 36,"H.No. 94
Arya Ganj",Bandra,899725
657,41/35,"62, Puri Road",Mumbai,216893
658,H.No. 066,"87/42
Panchal Road",Bandra,359321
659,932,"90/263
Mani Nagar",Thane,523333
660,H.No. 551,"49/952, Chandran Path",Navi Mumbai,106508
661,H.No. 79,"76/592
Deep",Navi Mumbai,051578
662,70/06,"36/258
Batta Zila",Andheri,647633
663,076,"07/05, Tak Street",Navi Mumbai,386955
664,H.No. 648,"93, Agate Nagar",Andheri,367948
665,63/250,"966, Som Chowk",Thane,758190
666,326,"89, Palan Street",Andheri,319891
667,27/565,"H.No. 95
Gopal Path",Andheri,473464
668,H.No. 394,"H.No. 933
Behl Street",Bandra,435314
669,H.No. 42,"43/41, Shenoy",Thane,923383
670,16,"H.No. 93, Basak Nagar",Navi Mumbai,911921
671,03,"51/036, Sinha Marg",Andheri,388684
672,H.No. 172,"945, Mandal Zila",Thane,625625
673,H.No. 296,"91, Joshi Marg",Thane,805140
674,074,"91, Reddy Circle",Mumbai,025453
675,H.No. 76,"68
Ramanathan Chowk",Navi Mumbai,994066
676,89,"07/034, Khurana Chowk",Navi Mumbai,629003
677,H.No. 089,"H.No. 280
Biswas Path",Andheri,977439
678,883,"H.No. 395, Gera",Thane,977496
679,708,"426, Oommen Marg",Bandra,038267
680,05/89,"H.No. 44, Oommen Road",Mumbai,951454
681,20/02,"61/26, Bhargava Path",Andheri,414951
682,035,"883, Dutta Marg",Mumbai,402784
683,037,"H.No. 703, Tiwari Ganj",Navi Mumbai,176657
684,72/154,"90, Wason Road",Mumbai,526194
685,336,"92
Mahal Circle",Navi Mumbai,941886
686,H.No. 311,"27, Rana Marg",Navi Mumbai,485860
687,45,"90/00, Yohannan Ganj",Mumbai,589429
688,56/558,"42/725
Kapur Ganj",Mumbai,100759
689,27,"H.No. 369, Lala Road",Mumbai,323721
690,325,"99/891, Date Road",Navi Mumbai,116821
691,42/16,"H.No. 68, Bhargava",Navi Mumbai,879580
692,H.No. 954,"16, Lanka Marg",Navi Mumbai,941460
693,H.No. 211,"18/26, Ratti Zila",Thane,582069
694,15/823,"142, Prashad Nagar",Navi Mumbai,143828
695,763,"40/638, Bhat Chowk",Navi Mumbai,832641
696,H.No. 49,"00, Anand Path",Andheri,778335
697,14/31,"01/15
Baral Zila",Mumbai,709637
698,28/833,"H.No. 22, Solanki Marg",Andheri,666113
699,85,"H.No. 35, Kar",Navi Mumbai,782448
700,42,"694, Sankaran Marg",Bandra,101964
701,95/81,"66
Saxena Road",Bandra,265969
702,26/67,"21/11, Shan Nagar",Bandra,027163
703,H.No. 62,"95/728, Guha Circle",Andheri,754153
704,28/268,"82/104
Kota Path",Mumbai,590885
705,64,"H.No. 01, Palla Street",Mumbai,135200
706,27,"H.No. 122
Ganguly Street",Mumbai,071494
707,02,"H.No. 25, Dave Zila",Bandra,009859
708,39,"24/270
Bhat",Thane,213878
709,62/55,"59
Karnik Circle",Mumbai,317044
710,460,"H.No. 393, Apte Marg",Navi Mumbai,588337
711,421,"20
Basu Path",Thane,147452
712,H.No. 457,"74/135
Deo Marg",Thane,343552
713,363,"H.No. 56
Madan Street",Mumbai,433908
714,73/38,"H.No. 36, Goda Chowk",Bandra,108941
715,37/000,"36, Chadha Path",Thane,927700
716,685,"37/90
Tripathi Chowk",Bandra,867622
717,H.No. 263,"81
Prakash Path",Navi Mumbai,422259
718,11/428,"770
Agrawal Nagar",Navi Mumbai,993584
719,97/717,"H.No. 254
Ratta Nagar",Mumbai,500062
720,01,"989
Bhakta Ganj",Mumbai,521399
721,92/955,"H.No. 11, Handa Chowk",Navi Mumbai,538550
722,H.No. 629,"72/514
Deshmukh Zila",Thane,396251
723,11,"H.No. 39
Bera Road",Bandra,842476
724,72,"459
Sharma Chowk",Bandra,213356
725,07/09,"69/218
Dey Circle",Andheri,029605
726,H.No. 259,"H.No. 67, Pandya Ganj",Navi Mumbai,694056
727,791,"29
Pau Ganj",Bandra,389842
728,91,"H.No. 14, Maharaj Ganj",Andheri,547050
729,630,"H.No. 276, Char Ganj",Navi Mumbai,455413
730,81/696,"33
Atwal Ganj",Andheri,549134
731,H.No. 64,"319
Thakur Circle",Andheri,294547
732,36/52,"03/838
Mannan Circle",Bandra,494526
733,21/35,"52, Babu Chowk",Thane,598692
734,50,"62
Venkatesh Nagar",Thane,116630
735,36/550,"69, Yadav Path",Navi Mumbai,137470
736,H.No. 43,"95/03
Dasgupta Zila",Mumbai,846938
737,91/541,"62, Tak Zila",Bandra,972919
738,47/323,"341
Chand Path",Andheri,181424
739,67/044,"418, Balan Path",Thane,058412
740,84/832,"428
Singhal Path",Mumbai,816707
741,22/89,"H.No. 471
Bir",Bandra,929535
742,H.No. 632,"H.No. 544, Rout Path",Thane,720992
743,91/23,"37, Mahajan Chowk",Bandra,526252
744,H.No. 155,"462
Krishnan",Mumbai,698947
745,399,"87, Kata Path",Andheri,060486
746,312,"23
Kulkarni Path",Andheri,846628
747,H.No. 06,"H.No. 35
Dhar",Navi Mumbai,338943
748,67/34,"93/44, Bawa Path",Thane,100379
749,H.No. 565,"513, Lanka Marg",Bandra,923555
750,48,"11/351
Comar Nagar",Thane,692481
751,H.No. 767,"32/01, Brar Road",Thane,985725
752,51/07,"H.No. 85
Rana",Andheri,015454
753,14/07,"95
Lall Chowk",Thane,619161
754,813,"H.No. 12
Lala Street",Mumbai,061160
755,86/00,"098, Sarraf Ganj",Andheri,269626
756,86,"H.No. 447, Tripathi Ganj",Navi Mumbai,358763
757,H.No. 169,"H.No. 680
Chandra Ganj",Andheri,738973
758,H.No. 87,"23/122, Doshi Zila",Navi Mumbai,753248
759,89/623,"92
Peri Path",Navi Mumbai,653633
760,H.No. 12,"69/938
Soni Street",Thane,082204
761,H.No. 220,"H.No. 105, Butala",Mumbai,514781
762,H.No. 99,"89/647
Chander Nagar",Andheri,094216
763,84/77,"959
Mann Road",Andheri,326083
764,H.No. 91,"07/67
Shroff Chowk",Navi Mumbai,739562
765,073,"59/078
Wason Chowk",Thane,821202
766,H.No. 80,"82/36, Tella Circle",Mumbai,799841
767,654,"H.No. 45
Sen Road",Andheri,005228
768,H.No. 577,"83
Ramakrishnan Circle",Andheri,005334
769,67/537,"H.No. 762
Suresh",Bandra,791345
770,576,"068, Bal Path",Thane,156489
771,33,"72/626
Sunder Path",Andheri,271288
772,H.No. 22,"90/88, Menon",Thane,324302
773,85/98,"H.No. 02
Mistry Street",Bandra,447445
774,66/911,"590
Shroff",Thane,459369
775,358,"03/460, Sura Ganj",Thane,083203
776,51,"H.No. 433, Master Ganj",Bandra,787442
777,H.No. 891,"169
Balan Marg",Thane,123070
778,36,"H.No. 075, Babu Nagar",Bandra,527714
779,774,"H.No. 70
Grewal Nagar",Bandra,517757
780,250,"H.No. 526, Jaggi Marg",Bandra,702952
781,10/90,"H.No. 99, Patla Chowk",Bandra,326566
782,579,"H.No. 821, Nayak Zila",Mumbai,549076
783,H.No. 943,"74/683, Thakkar Circle",Bandra,219474
784,H.No. 82,"H.No. 569, Dani Ganj",Navi Mumbai,074520
785,H.No. 655,"H.No. 222
Choudhary Zila",Navi Mumbai,173000
786,42,"107, Sarin Marg",Thane,377403
787,77/87,"97, Basak Road",Andheri,927072
788,H.No. 501,"H.No. 074
Kaul Marg",Navi Mumbai,560100
789,69/91,"21, Vasa Ganj",Thane,286578
790,29/811,"41/684, Boase Chowk",Bandra,956974
791,845,"H.No. 37
Aggarwal Zila",Andheri,412415
792,H.No. 33,"10/65, Rana",Bandra,454854
793,H.No. 242,"26
Andra Circle",Bandra,123246
794,362,"59, Bali Chowk",Bandra,621623
795,00,"569, Sidhu Ganj",Navi Mumbai,474253
796,24,"H.No. 09
Badal Path",Thane,875378
797,738,"02/745
Nadkarni Chowk",Andheri,892390
798,45,"72/14, Khurana",Thane,554238
799,21/75,"H.No. 66, Boase",Navi Mumbai,612781
800,02/274,"310, Tiwari Marg",Bandra,013693
801,06/50,"H.No. 244, Ramesh",Mumbai,137029
802,128,"H.No. 88, Pau Road",Bandra,280971
803,02,"H.No. 35, Mitra Chowk",Mumbai,964854
804,797,"129
Johal Path",Navi Mumbai,997701
805,H.No. 417,"36/59
Comar Circle",Mumbai,064415
806,759,"H.No. 42
Shankar",Navi Mumbai,766817
807,63,"H.No. 067, Gour Chowk",Thane,985626
808,16/474,"44, Balay Circle",Thane,382729
809,70/24,"H.No. 59, Datta Zila",Navi Mumbai,033288
810,H.No. 49,"54/08
Tella Circle",Navi Mumbai,514307
811,402,"481
Badami Path",Andheri,231638
812,H.No. 61,"H.No. 513
Kari Street",Andheri,552133
813,H.No. 18,"253, Gulati Marg",Navi Mumbai,591218
814,51,"962
Gour Chowk",Mumbai,798748
815,H.No. 11,"48/69, Radhakrishnan Marg",Bandra,215314
816,695,"08, Deep Path",Mumbai,555149
817,33/615,"87, Vig Road",Thane,865392
818,74/46,"69/758, Raman Ganj",Andheri,429766
819,H.No. 651,"89/562, More Path",Bandra,671648
820,H.No. 523,"591, Nori Chowk",Thane,505560
821,56,"64/99, Randhawa Chowk",Andheri,639172
822,43/53,"H.No. 10
Mahal Ganj",Thane,472338
823,20,"396, Chad Zila",Bandra,850353
824,178,"H.No. 039, Srinivas Circle",Bandra,988465
825,74/450,"61/815
Dixit Marg",Navi Mumbai,482311
826,H.No. 49,"136, Arora Path",Mumbai,398258
827,66/704,"262, Sangha Zila",Navi Mumbai,179577
828,H.No. 119,"H.No. 08
Ramanathan Path",Thane,563176
829,H.No. 81,"H.No. 36, Chakrabarti Road",Thane,003920
830,057,"259, Mukherjee Zila",Mumbai,500517
831,H.No. 457,"H.No. 539
Keer Zila",Bandra,708697
832,H.No. 164,"H.No. 11
Kaur Zila",Andheri,418546
833,723,"H.No. 58, Oommen Street",Andheri,714386
834,H.No. 654,"77/81
Chowdhury Marg",Thane,971551
835,98/862,"H.No. 276, Kumar",Andheri,252811
836,H.No. 00,"07/74, Dave Ganj",Bandra,526774
837,H.No. 779,"454
Nagarajan Road",Andheri,133251
838,06,"22/58, Bobal Nagar",Bandra,145990
839,H.No. 80,"77/93
Chakraborty",Bandra,997834
840,H.No. 11,"88
Murthy Nagar",Mumbai,639718
841,022,"141, Kaul Circle",Thane,072245
842,245,"86/99
Bhagat Chowk",Andheri,839294
843,H.No. 019,"H.No. 912, Borra Street",Bandra,105286
844,327,"961, Swaminathan Path",Navi Mumbai,263183
845,030,"67/498
Hora Street",Thane,927873
846,34/77,"H.No. 97, Aurora Ganj",Navi Mumbai,439366
847,100,"650, Karan Circle",Thane,720335
848,05/685,"82/192
Jha Marg",Bandra,004514
849,66/00,"H.No. 23, Wali Path",Navi Mumbai,771984
850,85/093,"44, Tiwari Ganj",Navi Mumbai,986514
851,98,"60/36, Tata Nagar",Bandra,408763
852,71,"510
Dash Ganj",Navi Mumbai,803996
853,149,"H.No. 674
Sundaram Road",Mumbai,044229
854,30,"H.No. 66
Sathe Circle",Bandra,834544
855,89,"33/71, Khatri Street",Bandra,284775
856,430,"84/51
Baral Path",Navi Mumbai,997201
857,69/90,"H.No. 19
Kalita Street",Bandra,876155
858,97,"H.No. 744
Kala Chowk",Mumbai,556967
859,59/835,"H.No. 61
Tata Road",Navi Mumbai,237344
860,13/95,"H.No. 691, Chokshi Ganj",Mumbai,462680
861,H.No. 968,"13/262
Memon Marg",Thane,077001
862,H.No. 150,"40/57, Chada Marg",Andheri,005813
863,H.No. 183,"H.No. 92, Dewan",Thane,152822
864,04,"H.No. 81, Pingle Ganj",Andheri,085393
865,73/283,"80, Bose",Navi Mumbai,368971
866,71/646,"H.No. 607, Rau Ganj",Andheri,538240
867,H.No. 92,"01/102
Jain Path",Thane,991363
868,H.No. 455,"314, Saini Circle",Thane,439568
869,H.No. 815,"97, Ray Road",Thane,141938
870,42,"49/25
Shroff Marg",Andheri,677891
871,021,"H.No. 79, Buch",Bandra,349749
872,45,"H.No. 78, Dara Chowk",Andheri,026495
873,H.No. 10,"H.No. 77
Rama Road",Thane,419854
874,H.No. 25,"299
Kale Road",Bandra,936698
875,755,"26
Dixit Ganj",Mumbai,518076
876,97/41,"34/404, Grover",Navi Mumbai,426521
877,31,"14/467, Arya Path",Thane,494377
878,H.No. 364,"382, Dutt Marg",Andheri,955732
879,H.No. 83,"H.No. 026, Chowdhury Ganj",Mumbai,603808
880,073,"461
Choudhary Street",Navi Mumbai,677953
881,44,"50
Pillai",Andheri,523939
882,72,"133, Mani Path",Bandra,079984
883,H.No. 862,"44/578
Ram Circle",Bandra,758934
884,H.No. 121,"37/766, Ghosh Nagar",Mumbai,494415
885,86/471,"99, Rau Marg",Thane,843477
886,31/88,"H.No. 59, Thakkar Ganj",Mumbai,237951
887,H.No. 95,"H.No. 255, Dutt",Thane,177959
888,287,"H.No. 00
Swamy Chowk",Thane,751669
889,473,"H.No. 54, Shroff Path",Navi Mumbai,895400
890,36,"H.No. 46, Saxena Street",Mumbai,787455
891,H.No. 88,"215, Sarma Circle",Thane,103109
892,H.No. 03,"80, Jayaraman Circle",Andheri,439023
893,33/421,"68
Kar Nagar",Andheri,442447
894,H.No. 775,"50, Thakur Ganj",Bandra,633418
895,401,"308, Bedi Zila",Andheri,500585
896,10/73,"40/36, Mukherjee Zila",Bandra,394507
897,H.No. 62,"H.No. 288
Kurian Path",Mumbai,828955
898,55,"92/356, Chhabra Nagar",Bandra,974029
899,19,"88
Nayak Marg",Andheri,401247
900,88/97,"H.No. 471, Mandal Street",Thane,869768
901,615,"76/12, Saxena Nagar",Andheri,335783
902,21,"83/520
Sodhi",Mumbai,216077
903,49/782,"H.No. 222, Sant Road",Bandra,271601
904,03,"437, Devi Marg",Bandra,178867
905,39/77,"74/55, Prabhu Nagar",Navi Mumbai,000853
906,84/431,"26/30, Warrior Path",Mumbai,409287
907,18/75,"81
Vohra Chowk",Bandra,784614
908,10/166,"81
Bhagat Ganj",Bandra,549771
909,H.No. 123,"90/11
Gour Circle",Mumbai,890197
910,958,"45/79
Setty Street",Andheri,754766
911,629,"15/349
Arora Circle",Andheri,095366
912,93,"58/304, Cherian Street",Thane,793247
913,73/01,"82/034
Chada Circle",Mumbai,672786
914,47/521,"H.No. 08
Loke Street",Andheri,165609
915,27/767,"50
Iyengar Nagar",Mumbai,985432
916,H.No. 87,"504
Mohan Road",Navi Mumbai,768553
917,H.No. 68,"43, Bedi Circle",Andheri,251604
918,H.No. 608,"715, Gala Circle",Navi Mumbai,946549
919,H.No. 572,"57/54
Nair Street",Thane,117137
920,71/34,"177, Banerjee Chowk",Mumbai,655759
921,617,"H.No. 935
Chander Marg",Thane,109275
922,H.No. 15,"H.No. 00
Badal Road",Navi Mumbai,183932
923,H.No. 76,"89/71, Sunder Street",Bandra,815398
924,04/19,"H.No. 882
Ray Circle",Mumbai,957829
925,H.No. 415,"H.No. 591, Aggarwal Nagar",Mumbai,364572
926,876,"02
Srinivas Chowk",Andheri,525446
927,84/24,"152
Ahuja Marg",Mumbai,676124
928,H.No. 76,"H.No. 069, Rama Ganj",Navi Mumbai,422573
929,H.No. 038,"H.No. 05, Varghese Circle",Andheri,900739
930,46,"13/16
Sagar Road",Mumbai,998701
931,39,"45/837
Kapur Ganj",Mumbai,248369
932,73,"H.No. 544, Garg Circle",Thane,544200
933,29/368,"H.No. 29, Barad Road",Mumbai,252182
934,956,"64/97, Mane Nagar",Navi Mumbai,900495
935,H.No. 492,"24/23, Dhawan Nagar",Mumbai,521810
936,508,"25/08
Iyer Ganj",Mumbai,564610
937,58/68,"52/33, Sahota Nagar",Andheri,342646
938,34,"05
Dyal Road",Navi Mumbai,313722
939,71/825,"32/89, Dave Path",Mumbai,604175
940,22/83,"297
Prabhakar Chowk",Andheri,378865
941,72,"H.No. 56, Pau Marg",Bandra,099828
942,H.No. 15,"71/78
Hari Ganj",Andheri,412271
943,H.No. 73,"H.No. 778, Wali",Thane,341503
944,582,"H.No. 145
Pai Nagar",Thane,803793
945,H.No. 543,"692, Saran Zila",Bandra,410756
946,64/676,"H.No. 87
Wadhwa Ganj",Navi Mumbai,025343
947,93/732,"10/08
Buch Road",Bandra,929353
948,H.No. 930,"H.No. 36
Kakar Zila",Andheri,618873
949,367,"90/32
Rastogi Circle",Navi Mumbai,730263
950,558,"801
Hegde Road",Mumbai,238502
951,H.No. 24,"22, Kaur Ganj",Mumbai,724357
952,17,"885
Narayanan Zila",Bandra,935416
953,758,"47, Dugal Street",Andheri,004670
954,027,"H.No. 66
Salvi Nagar",Navi Mumbai,451402
955,H.No. 50,"58/038
Banerjee Path",Mumbai,363537
956,H.No. 37,"H.No. 11
Bath Road",Andheri,128403
957,H.No. 631,"68, Barad Ganj",Thane,862137
958,212,"H.No. 588
Dara Marg",Navi Mumbai,154165
959,H.No. 448,"H.No. 99
Raju Ganj",Mumbai,921962
960,13,"H.No. 733, Padmanabhan Chowk",Thane,526320
961,H.No. 804,"02/40, Sankaran Path",Bandra,112927
962,65/206,"H.No. 346, Narasimhan Ganj",Andheri,293556
963,H.No. 791,"504
Sami Marg",Thane,562806
964,91/67,"12, Gole Street",Navi Mumbai,902671
965,746,"76/074, Krishna Circle",Bandra,019033
966,H.No. 64,"28/899, Chawla Ganj",Andheri,835127
967,H.No. 642,"H.No. 438, Shere Zila",Thane,910501
968,H.No. 081,"H.No. 585, More Marg",Navi Mumbai,178240
969,824,"82/252, Ramanathan Chowk",Andheri,286431
970,15,"04/383
Rege Zila",Bandra,001064
971,H.No. 655,"84/14, Subramanian Chowk",Andheri,782884
972,83/917,"95/196, Raman Marg",Mumbai,898624
973,46/70,"700
Balakrishnan Path",Navi Mumbai,171710
974,23/240,"35/496, Borra Street",Thane,677365
975,H.No. 06,"H.No. 787, Ghosh Marg",Thane,257735
976,03/67,"073
Grewal Marg",Thane,167115
977,17/382,"H.No. 093, Loke Chowk",Navi Mumbai,190566
978,44/77,"H.No. 436
Sant Circle",Bandra,670273
979,H.No. 64,"68, Bobal Circle",Andheri,256819
980,H.No. 674,"18/73, Deshmukh Nagar",Andheri,237451
981,H.No. 80,"H.No. 33
Ganesh Road",Thane,114566
982,H.No. 64,"05
Lata Zila",Andheri,838348
983,94,"46, Dani Nagar",Navi Mumbai,810796
984,H.No. 61,"H.No. 78, Natarajan Nagar",Thane,778358
985,871,"H.No. 047, Hegde Marg",Thane,067729
986,H.No. 749,"739
Swaminathan Ganj",Mumbai,950953
987,H.No. 760,"H.No. 14
Dash Marg",Mumbai,968618
988,180,"58, Kulkarni Nagar",Andheri,725563
989,H.No. 73,"01/51
Prabhakar Path",Andheri,928229
990,22/33,"62/97, Gole Road",Mumbai,229792
991,404,"H.No. 501, Grewal Path",Mumbai,551415
992,H.No. 84,"79/156, Sanghvi Path",Andheri,009536
993,896,"79/43, Chana Zila",Bandra,256287
994,H.No. 14,"115, Kaur Chowk",Bandra,366495
995,H.No. 289,"976
Pillay Street",Bandra,497147
996,50/60,"10, Memon",Mumbai,704416
997,144,"529, Samra Ganj",Bandra,845888
998,H.No. 33,"75/751, Bajaj Circle",Andheri,155885
999,87,"83
Baral Marg",Thane,361241
1000,72,"19/12
Chaudhari Path",Thane,631252
